residue_nb,residue,Accessible_surface,Percentage_accessibility
1,CYS,106.08781400054299,13.728828718949465
2,GLU,148.5659165882613,13.175638025186673
3,HIS,246.6941914416692,19.165576491262325
5,ARG,181.56771909569136,13.03563695416817
6,TRP,228.6413434170808,11.984389408510078
7,CYS,106.04320338486203,13.723055657193969
8,LYS,128.7424669441097,10.89661774090619
9,PRO,127.88544046821042,13.743146522619853
10,VAL,193.96570034381813,20.84442943956786
